<?xml version="1.0" encoding="utf-8" ?>
<configuration>
	<settings>
		<FileServerURL>http://dist.boss.com/dist/distribute.php</FileServerURL>
	</settings>
	<services>
		<service_df Type="AladdinLibrary.AladdinService, AladdinLibrary" ConfigType="AladdinLibrary.AladdinConfig"  Name="生成阿拉丁XML" AutoStart="false">
			<time key="interval" value="300" description="执行间隔时间" />
				<add opencodexml="http://www.500wan.com/static/info/kaijiang/xml/ssq/list5.xml" templetxml="/Templet/ssqopencode.xml" description="双色球开奖号码xml" />
				<add opencodexml="http://www.500wan.com/static/info/kaijiang/xml/sd/list5.xml" templetxml="/Templet/sdopencode.xml" description="3D开奖号码xml" />
				<add opencodexml="http://www.500wan.com/static/info/kaijiang/xml/qlc/list5.xml" templetxml="/Templet/qlcopencode.xml" description="七乐彩开奖号码xml" />
				<add opencodexml="http://www.500wan.com/static/info/kaijiang/xml/dlt/list5.xml" templetxml="/Templet/dltopencode.xml" description="大乐透开奖号码xml" />
				<add opencodexml="http://www.500wan.com/static/info/kaijiang/xml/pls/list5.xml" templetxml="/Templet/plsopencode.xml" description="排列三开奖号码xml" />
				<add opencodexml="http://www.500wan.com/static/info/kaijiang/xml/plw/list5.xml" templetxml="/Templet/plwopencode.xml" description="排列五开奖号码xml" />
				<add opencodexml="http://www.500wan.com/static/info/kaijiang/xml/qxc/list5.xml" templetxml="/Templet/qxcopencode.xml" description="七星彩开奖号码xml" />
				<add opencodexml="http://www.500wan.com/static/info/kaijiang/xml/eexw/list5.xml" templetxml="/Templet/eexwopencode.xml" description="22选5开奖号码xml" />
				<add opencodexml="http://www.500wan.com/static/info/kaijiang/xml/sfc/list5.xml" templetxml="/Templet/sfcopencode.xml" description="胜负彩开奖号码xml" />
				<add opencodexml="http://www.500wan.com/static/info/kaijiang/xml/jq4/list5.xml" templetxml="/Templet/jq4opencode.xml" description="4场进球开奖号码xml" />
				<add opencodexml="http://www.500wan.com/static/info/kaijiang/xml/zc6/list5.xml" templetxml="/Templet/zc6opencode.xml" description="六场半全场开奖号码xml" />
				<add opencodexml="http://www.500wan.com/static/public/bjdc/xml/expect/activeexpectinfo.xml" templetxml="/Templet/bdopencode.xml" description="足球单场开奖号码xml" />
				<add opencodexml="http://www.500wan.com/static/info/kaijiang/xml/hdswxw/list5.xml" templetxml="/Templet/hdswxwopencode.xml" description="华东15选5开奖号码xml" />
				<add opencodexml="http://www.500wan.com/static/info/kaijiang/xml/df6j1/list5.xml" templetxml="/Templet/df6j1opencode.xml" description="东方6+1开奖号码xml" />
				<add opencodexml="http://www.500wan.com/static/info/kaijiang/xml/bjslxq/list5.xml" templetxml="/Templet/bjslxqopencode.xml" description="北京36选7开奖号码xml" />
        		<add opencodexml="http://www.500wan.com/static/info/kaijiang/xml/bjssxq/list5.xml" templetxml="/Templet/bjssxqopencode.xml" description="北京33选7开奖号码xml" />
				<add opencodexml="http://www.500wan.com/static/info/kaijiang/xml/bjebc/list5.xml" templetxml="/Templet/bjebcopencode.xml" description="两步彩开奖号码xml" />
				<add opencodexml="http://www.500wan.com/static/info/kaijiang/xml/ttcx4/list5.xml" templetxml="/Templet/ttcx4opencode.xml" description="天天彩选4开奖号码xml" />
				<add opencodexml="http://www.500wan.com/static/info/kaijiang/xml/hdswxw/list5.xml" templetxml="/Templet/shswxwopencode.xml" description="上海15选5开奖号码xml" />
				<add opencodexml="http://www.500wan.com/static/info/kaijiang/xml/swxw/list5.xml" templetxml="/Templet/tjswxwopencode.xml" description="天津15选5开奖号码xml" />
				<add opencodexml="http://www.500wan.com/static/info/kaijiang/xml/tjljy/list5.xml" templetxml="/Templet/tj6j1opencode.xml" description="天津6+1开奖号码xml" />
				<add opencodexml="http://www.500wan.com/static/info/kaijiang/xml/cqesxw/list5.xml" templetxml="/Templet/cqesxwopencode.xml" description="重庆20选5开奖号码xml" />
				<add opencodexml="http://www.500wan.com/static/info/kaijiang/xml/js7ws/list5.xml" templetxml="/Templet/js7wsopencode.xml" description="7位数开奖号码xml" />
				<add opencodexml="http://www.500wan.com/static/info/kaijiang/xml/hdswxw/list5.xml" templetxml="/Templet/jsswxwopencode.xml" description="江苏15选5开奖号码xml" />
				<add opencodexml="http://www.500wan.com/static/info/kaijiang/xml/js5j1/list5.xml" templetxml="/Templet/js5j1opencode.xml" description="江苏5+1开奖号码xml" />
				<add opencodexml="http://www.500wan.com/static/info/kaijiang/xml/zj6j1/list5.xml" templetxml="/Templet/zj6j1opencode.xml" description="浙江6+1开奖号码xml" />
				<add opencodexml="http://www.500wan.com/static/info/kaijiang/xml/zjesxw/list5.xml" templetxml="/Templet/zjesxwopencode.xml" description="浙江20选5开奖号码xml" />
				<add opencodexml="http://www.500wan.com/static/info/kaijiang/xml/hdswxw/list5.xml" templetxml="/Templet/zjswxwopencode.xml" description="浙江15选5开奖号码xml" />
				<add opencodexml="http://www.500wan.com/static/info/kaijiang/xml/zjsyxq/list5.xml" templetxml="/Templet/zjsyxqopencode.xml" description="浙江31选7开奖号码xml" />
				<add opencodexml="http://www.500wan.com/static/info/kaijiang/xml/hdswxw/list5.xml" templetxml="/Templet/fjswxwopencode.xml" description="福建15选5开奖号码xml" />
				<add opencodexml="http://www.500wan.com/static/info/kaijiang/xml/fjsyxq/list5.xml" templetxml="/Templet/fjsyxqopencode.xml" description="福建31选7开奖号码xml" />
				<add opencodexml="http://www.500wan.com/static/info/kaijiang/xml/fjeexw/list5.xml" templetxml="/Templet/fjeexwopencode.xml" description="福建22选5开奖号码xml" />
				<add opencodexml="http://www.500wan.com/static/info/kaijiang/xml/fjslxq/list5.xml" templetxml="/Templet/fjslxqopencode.xml" description="福建36选7开奖号码xml" />
				<add opencodexml="http://www.500wan.com/static/info/kaijiang/xml/gdtcslxq/list5.xml" templetxml="/Templet/gdtcslxqopencode.xml" description="广东体彩36选7开奖号码xml" />
				<add opencodexml="http://www.500wan.com/static/info/kaijiang/xml/gdelxw/list5.xml" templetxml="/Templet/gdelxwopencode.xml" description="广东26选5开奖号码xml" />
				<add opencodexml="http://www.500wan.com/static/info/kaijiang/xml/gdhc1/list5.xml" templetxml="/Templet/gdhc1opencode.xml" description="广东好彩1开奖号码xml" />
				<add opencodexml="http://www.500wan.com/static/info/kaijiang/xml/gdslxq/list5.xml" templetxml="/Templet/gdslxqopencode.xml" description="广东36选7开奖号码xml" />
				<add opencodexml="http://www.500wan.com/static/info/kaijiang/xml/szfc/list5.xml" templetxml="/Templet/szfcopencode.xml" description="深圳风采开奖号码xml" />
				<add opencodexml="http://www.500wan.com/static/info/kaijiang/xml/hljeexw/list5.xml" templetxml="/Templet/hljeexwopencode.xml" description="黑龙江22选5开奖号码xml" />
				<add opencodexml="http://www.500wan.com/static/info/kaijiang/xml/hlj6j1/list5.xml" templetxml="/Templet/hlj6j1opencode.xml" description="黑龙江6+1开奖号码xml" />
				<add opencodexml="http://www.500wan.com/static/info/kaijiang/xml/hljp62/list5.xml" templetxml="/Templet/hljp62opencode.xml" description="黑龙江P62开奖号码xml" />
				<add opencodexml="http://www.500wan.com/static/info/kaijiang/xml/hljslxq/list5.xml" templetxml="/Templet/hljslxqopencode.xml" description="黑龙江36选7开奖号码xml" />
				<add opencodexml="http://www.500wan.com/static/info/kaijiang/xml/ygcttl/list5.xml" templetxml="/Templet/ygceexwopencode.xml" description="云贵川22选5开奖号码xml" />
				<add opencodexml="http://www.500wan.com/static/info/kaijiang/xml/lnswxq/list5.xml" templetxml="/Templet/lnswxqopencode.xml" description="辽宁35选7开奖号码xml" />
				<add opencodexml="http://www.500wan.com/static/info/kaijiang/xml/hbhy3/list5.xml" templetxml="/Templet/hbhy3opencode.xml" description="河北好运3开奖号码xml" />
				<add opencodexml="http://www.500wan.com/static/info/kaijiang/xml/hbplw/list5.xml" templetxml="/Templet/hbplwopencode.xml" description="河北排列5开奖号码xml" />
				<add opencodexml="http://www.500wan.com/static/info/kaijiang/xml/hbhy2/list5.xml" templetxml="/Templet/hbhy2opencode.xml" description="河北好运2开奖号码xml" />
				<add opencodexml="http://www.500wan.com/static/info/kaijiang/xml/hbesxw/list5.xml" templetxml="/Templet/hbesxwopencode.xml" description="河北20选5开奖号码xml" />
				<add opencodexml="http://www.500wan.com/static/info/kaijiang/xml/hbplq/list5.xml" templetxml="/Templet/hbplqopencode.xml" description="河北排列7开奖号码xml" />
				<add opencodexml="http://www.500wan.com/static/info/kaijiang/xml/zyeexw/list5.xml" templetxml="/Templet/zyeexwopencode.xml" description="河南22选5开奖号码xml" />
				<add opencodexml="http://www.500wan.com/static/info/kaijiang/xml/cteexw/list5.xml" templetxml="/Templet/hbeexwopencode.xml" description="湖北22选5开奖号码xml" />
				<add opencodexml="http://www.500wan.com/static/info/kaijiang/xml/sdesxw/list5.xml" templetxml="/Templet/sdesxwopencode.xml" description="山东23选5开奖号码xml" />
				<add opencodexml="http://www.500wan.com/static/info/kaijiang/xml/sxeyxw/list5.xml" templetxml="/Templet/sxeyxwopencode.xml" description="山西21选5开奖号码xml" />
				<add opencodexml="http://www.500wan.com/static/info/kaijiang/xml/ygcttl/list5.xml" templetxml="/Templet/ylttlopencode.xml" description="云南天天乐开奖号码xml" />
				<add opencodexml="http://www.500wan.com/static/info/kaijiang/xml/nmeexw/list5.xml" templetxml="/Templet/nmgeexwopencode.xml" description="内蒙古22选5开奖号码xml" />
				<add opencodexml="http://www.500wan.com/static/info/kaijiang/xml/xjewxq/list5.xml" templetxml="/Templet/xjewxqopencode.xml" description="新疆25选7开奖号码xml" />
				<add opencodexml="http://www.500wan.com/static/info/kaijiang/xml/xjswxq/list5.xml" templetxml="/Templet/xjswxqopencode.xml" description="新疆35选7开奖号码xml" />
				<add opencodexml="http://www.500wan.com/static/info/kaijiang/xml/xjsbxq/list5.xml" templetxml="/Templet/xjsbxqopencode.xml" description="新疆18选7开奖号码xml" />
				<add opencodexml="http://www.500wan.com/static/info/kaijiang/xml/xjsxq/list5.xml" templetxml="/Templet/xjsxqopencode.xml" description="偶数10选7开奖号码xml" />
				<add opencodexml="http://www.500wan.com/static/info/kaijiang/xml/klsc/list5.xml" templetxml="/Templet/klscopencode.xml" description="快乐双彩开奖号码xml" />
				<add opencodexml="http://www.500wan.com/static/info/kaijiang/xml/hneexw/list5.xml" templetxml="/Templet/hneexwopencode.xml" description="湖南22选5开奖号码xml" />
				<add opencodexml="http://www.500wan.com/static/info/kaijiang/xml/hdswxw/list5.xml" templetxml="/Templet/jxswxwopencode.xml" description="江西15选5开奖号码xml" />
				<add opencodexml="http://www.500wan.com/static/info/kaijiang/xml/hdswxw/list5.xml" templetxml="/Templet/ahswxwopencode.xml" description="安徽15选5开奖号码xml" />
				<add opencodexml="http://www.500wan.com/static/info/kaijiang/xml/ahewxw/list5.xml" templetxml="/Templet/ahewxwopencode.xml" description="安徽25选5开奖号码xml" />
				<add opencodexml="http://www.500wan.com/static/info/kaijiang/xml/ygcttl/list5.xml" templetxml="/Templet/gzttlopencode.xml" description="贵州天天乐开奖号码xml" />
			<url key="aladdinopencodexml" value="/static/info/baidu/kaijiang/kj_1.xml" description="阿拉丁开奖xml" />
		</service_df>
		<service_gp Type="AladdinLibrary.AladdinHighService, AladdinLibrary" ConfigType="AladdinLibrary.AladdinHighConfig"  Name="生成阿拉丁XML(高频)" AutoStart="false">
			<time key="interval" value="300" description="执行间隔时间" />
				<add opencodexml="http://www.500wan.com/static/public/ssc/xml/newlyopenlist.xml" templetxml="/Templet/sscopencode.xml" description="时时彩开奖号码xml" />
				<add opencodexml="http://www.500wan.com/static/public/ssl/xml/opencode.xml" templetxml="/Templet/sslopencode.xml" description="时时乐开奖号码xml" />
				<add opencodexml="http://www.500wan.com/static/public/dlc/xml/newlyopenlist.xml" templetxml="/Templet/dlcopencode.xml" description="多乐彩开奖号码xml" />
				<add opencodexml="http://www.500wan.com/static/public/klsf/xml/newlyopen.xml" templetxml="/Templet/klsfopencode.xml" description="快乐十分开奖号码xml" />
		        <add opencodexml="http://www.500wan.com/static/info/kaijiang/xml/syydj/newlyopen.xml" templetxml="/Templet/syydjopencode.xml" description="十一运夺金开奖号码xml" />
				<add opencodexml="http://www.500wan.com/static/info/kaijiang/xml/kl8/newlyopen.xml" templetxml="/Templet/kl8opencode.xml" description="快乐8开奖号码xml" />
				<add opencodexml="http://www.500wan.com/static/info/kaijiang/xml/qyh/newlyopen.xml" templetxml="/Templet/qyhopencode.xml" description="群英会开奖号码xml" />
				<add opencodexml="http://www.500wan.com/static/info/kaijiang/xml/ytdj/newlyopen.xml" templetxml="/Templet/ytdjopencode.xml" description="泳坛夺金开奖号码xml" />
				<add opencodexml="http://www.500wan.com/static/info/kaijiang/xml/gdklsf/newlyopen.xml" templetxml="/Templet/gdklsfopencode.xml" description="广东快乐十分开奖号码xml" />
				
				<add opencodexml="http://www.500wan.com/static/info/kaijiang/xml/gdsyxw/newlyopen.xml" templetxml="/Templet/gdsyxwopencode.xml" description="广东11选5开奖号码xml" />
				<add opencodexml="http://www.500wan.com/static/info/kaijiang/xml/ahsyxw/newlyopen.xml" templetxml="/Templet/ahsyxwopencode.xml" description="安徽11选5开奖号码xml" />
				<add opencodexml="http://www.500wan.com/static/info/kaijiang/xml/scsyxw/newlyopen.xml" templetxml="/Templet/scsyxwopencode.xml" description="四川11选5开奖号码xml" />
				<add opencodexml="http://www.500wan.com/static/info/kaijiang/xml/gzsyxw/newlyopen.xml" templetxml="/Templet/gzsyxwopencode.xml" description="贵州11选5开奖号码xml" />
				<add opencodexml="http://www.500wan.com/static/info/kaijiang/xml/hbsyxw/newlyopen.xml" templetxml="/Templet/hbsyxwopencode.xml" description="湖北11选5开奖号码xml" />
				
				<add opencodexml="http://www.500wan.com/static/info/kaijiang/xml/gxklsf/newlyopen.xml" templetxml="/Templet/gxklsfopencode.xml" description="广西快乐十分开奖号码xml" />
				<add opencodexml="http://www.500wan.com/static/info/kaijiang/xml/pkcsfl/newlyopen.xml" templetxml="/Templet/pkcsflopencode.xml" description="扑克彩十分乐开奖号码xml" />
			<url key="aladdinopencodexml" value="/static/info/baidu/kaijiang/kj_2.xml" description="阿拉丁开奖xml" />
		</service_gp>
		<service_ls Type="AladdinLibrary.MatchService, AladdinLibrary" ConfigType="AladdinLibrary.MatchConfig"  Name="生成五大联赛积分榜阿拉丁XML" AutoStart="false">
			<time key="interval" value="300" description="执行间隔时间" />
			<url key="standingxml" value="http://www.500wan.com/static/info/soccerdata/xml/stage/{0}/Standing.xml" description="开奖号码xml" />
			<add key="aladdinxml" value="/static/info/baidu/soccerdata/{0}.xml" description="阿拉丁xml" />
			<tmp key="aladdintempletxml" value="/Templet/leaguematch.xml" description="阿拉丁模板xml" />
		</service_ls>
		<service_zc Type="AladdinLibrary.MatchService, AladdinLibrary" ConfigType="AladdinLibrary.MatchConfig"  Name="生成五大联赛积分榜阿拉丁XML" AutoStart="false">
			<time key="interval" value="1800" description="执行间隔时间" />
		</service_zc>
	</services>
</configuration>