<?xml version="1.0" encoding="gbk"?>
<db>
    <mysql>
        <info_read host="192.168.41.182" port="3306" user="info_web" passwd="info_web" db="info" charset="gbk" auto_commit="False" use_unicode="False" pooling="pool_size=4" />
        <info_write host="192.168.41.180" port="3306" user="info_service" passwd="info_service" db="info" charset="gbk" auto_commit="False" use_unicode="False" pooling="pool_size=4" />
	</mysql>
	<oracle>
        <dlc dsn="LOCTEST" user="lottery_dlc" password="dlc" />
        <klsf dsn="LOCTEST" user="lottery_tk" password="tk" />
        <xysc dsn="LOCTEST" user="lottery_xysc" password="xysc" />
        <jssyxw dsn="LOCTEST" user="lottery_jd" password="jd" />
        <klpk3 dsn="LOCTEST" user="lottery_sp" password="sp" />
	</oracle>
</db>