<?xml version="1.0" encoding="utf-8"?>
<db>
    <mysql>
        <SoccerSlave host="192.168.0.199" port="3306" user="socodd_web" passwd="socodd_web" db="soccerodds" charset="gbk" auto_commit="False" use_unicode="False" pooling="pool_size=4" />
        <SoccerMaster host="192.168.0.224" port="3306" user="socodd_service" passwd="socodd_service" db="soccerodds" charset="gbk" auto_commit="False" use_unicode="False" pooling="pool_size=4" />
        
        <MatchMaster host="192.168.0.224" port="3306" user="odds_admin" passwd="odds_admin" db="matchodds" charset="gbk" auto_commit="False" use_unicode="False" pooling="pool_size=4" />
        <MatchSlave host="192.168.0.199" port="3306" user="odds_web" passwd="odds_web" db="matchodds" charset="gbk" auto_commit="False" use_unicode="False" pooling="pool_size=4" />

        <BetbrainMaster host="192.168.41.180" port="3306" user="betbrain" passwd="betbrain" db="betbrain" charset="gbk" auto_commit="False" use_unicode="False" pooling="pool_size=12" />
        <BetbrainSlave host="192.168.41.180" port="3306" user="betbrain" passwd="betbrain" db="betbrain" charset="gbk" auto_commit="False" use_unicode="False" pooling="pool_size=12" />
    </mysql>
</db>
