<?xml version="1.0" encoding="utf-8"?>
<db>
    <mysql>
        <info_write host="192.168.41.180" port="3306" user="info_service" passwd="info_service" db="info" charset="gbk" auto_commit="False" use_unicode="False" pooling="pool_size=4" />
		<info_read host="192.168.41.111" port="3306" user="info_web" passwd="info_web" db="info" charset="gbk" auto_commit="False" use_unicode="False" pooling="pool_size=4" />

        <MatchMaster host="192.168.41.180" port="3306" user="odds_admin" passwd="odds_admin" db="matchodds" charset="gbk" use_unicode="False" auto_commit="True" pooling="pool_size=4" />
        <MatchSlave host="192.168.41.111" port="3306" user="odds_web" passwd="odds_web" db="matchodds" charset="gbk" use_unicode="False" auto_commit="True" pooling="pool_size=4" />

        <SoccerMaster host="192.168.41.180" port="3306" user="socodd_service" passwd="socodd_service" db="soccerodds" charset="gbk" use_unicode="False" auto_commit="True" pooling="pool_size=4" />
        <SoccerSlave host="192.168.41.111" port="3306" user="socodd_web" passwd="socodd_web" db="soccerodds" charset="gbk" use_unicode="False" auto_commit="True" pooling="pool_size=4" />
    </mysql>
</db>
